{
  "mAP50": 0.4885669212720919,
  "mAP50-95": 0.37182461652027265,
  "per_class_mAP50": [
    0.06122534155225795,
    0.33111675346087643,
    0.5166466278775674,
    0.5903251938077172,
    0.4240981794229465,
    0.5914660697648795,
    0.08789414975566433
  ]
}